{"cameraMode":{"drawMode":0,"name":"Shaded","section":"Shading Mode"},"sceneLighting":false,"audioPlay":false,"sceneViewState":{"m_AlwaysRefresh":false,"showFog":true,"showSkybox":false,"showFlares":true,"showImageEffects":true,"showParticleSystems":true,"showVisualEffectGraphs":true,"m_FxEnabled":true},"in2DMode":false,"pivot":{"x":-0.11607900261878967,"y":0.25387731194496157,"z":0.12458944320678711},"rotation":{"x":0.16618260741233827,"y":-0.15029093623161317,"z":0.025597063824534417,"w":0.9744575023651123},"size":2.325176477432251,"orthographic":false}