{"cameraMode":{"drawMode":0,"name":"Shaded","section":"Shading Mode"},"sceneLighting":false,"audioPlay":false,"sceneViewState":{"m_AlwaysRefresh":false,"showFog":true,"showSkybox":false,"showFlares":true,"showImageEffects":true,"showParticleSystems":true,"showVisualEffectGraphs":true,"m_FxEnabled":true},"in2DMode":false,"pivot":{"x":0.3553191125392914,"y":0.1803845465183258,"z":0.1668739914894104},"rotation":{"x":-0.14069396257400514,"y":0.014073350466787815,"z":-0.0009717078064568341,"w":-0.9910070300102234},"size":0.5923922061920166,"orthographic":false}