{"cameraMode":{"drawMode":0,"name":"Shaded","section":"Shading Mode"},"sceneLighting":true,"audioPlay":false,"sceneViewState":{"m_AlwaysRefresh":false,"showFog":true,"showSkybox":true,"showFlares":true,"showImageEffects":true,"showParticleSystems":true,"showVisualEffectGraphs":true,"m_FxEnabled":true},"in2DMode":false,"pivot":{"x":1.46593177318573,"y":9.590022087097168,"z":-5.000899314880371},"rotation":{"x":-0.002435635542497039,"y":0.9936223030090332,"z":0.1110486313700676,"w":0.021762540563941003},"size":0.2885756194591522,"orthographic":false}