{"cameraMode":{"drawMode":0,"name":"Shaded","section":"Shading Mode"},"sceneLighting":true,"audioPlay":false,"sceneViewState":{"m_AlwaysRefresh":false,"showFog":true,"showSkybox":true,"showFlares":true,"showImageEffects":true,"showParticleSystems":true,"showVisualEffectGraphs":true,"m_FxEnabled":true},"in2DMode":false,"pivot":{"x":2.5677096843719484,"y":9.400150299072266,"z":-4.609290599822998},"rotation":{"x":-0.0430343933403492,"y":0.14366139471530915,"z":-0.006256808061152697,"w":-0.9886777400970459},"size":0.00729450723156333,"orthographic":false}