{"cameraMode":{"drawMode":0,"name":"Shaded","section":"Shading Mode"},"sceneLighting":true,"audioPlay":false,"sceneViewState":{"m_AlwaysRefresh":false,"showFog":true,"showSkybox":true,"showFlares":true,"showImageEffects":true,"showParticleSystems":true,"showVisualEffectGraphs":true,"m_FxEnabled":true},"in2DMode":false,"pivot":{"x":-14.527875900268555,"y":3.9969210624694826,"z":1.9272851943969727},"rotation":{"x":0.12481904774904251,"y":-0.4882998466491699,"z":0.07080530375242233,"w":0.8608004450798035},"size":9.456978797912598,"orthographic":false}