{"cameraMode":{"drawMode":0,"name":"Shaded","section":"Shading Mode"},"sceneLighting":false,"audioPlay":false,"sceneViewState":{"m_AlwaysRefresh":false,"showFog":false,"showSkybox":false,"showFlares":false,"showImageEffects":false,"showParticleSystems":false,"showVisualEffectGraphs":true,"m_FxEnabled":true},"in2DMode":false,"pivot":{"x":-0.43643659353256228,"y":0.784929633140564,"z":0.0798698142170906},"rotation":{"x":-0.002697746967896819,"y":0.9967264533042908,"z":-0.03739530220627785,"w":-0.07188981771469116},"size":1.0457178354263306,"orthographic":false}