{"cameraMode":{"drawMode":0,"name":"Shaded","section":"Shading Mode"},"sceneLighting":false,"audioPlay":false,"sceneViewState":{"m_AlwaysRefresh":false,"showFog":false,"showSkybox":false,"showFlares":false,"showImageEffects":false,"showParticleSystems":false,"showVisualEffectGraphs":true,"m_FxEnabled":true},"in2DMode":false,"pivot":{"x":0.0033313632011413576,"y":0.8718308806419373,"z":-0.000869452953338623},"rotation":{"x":0.025348884984850885,"y":0.9211962819099426,"z":-0.06088796630501747,"w":0.38351577520370486},"size":1.2893818616867066,"orthographic":false}