{"cameraMode":{"drawMode":0,"name":"Shaded","section":"Shading Mode"},"sceneLighting":false,"audioPlay":false,"sceneViewState":{"m_AlwaysRefresh":false,"showFog":true,"showSkybox":false,"showFlares":true,"showImageEffects":true,"showParticleSystems":true,"showVisualEffectGraphs":true,"m_FxEnabled":true},"in2DMode":false,"pivot":{"x":0.619792103767395,"y":0.4366651177406311,"z":0.055171892046928409},"rotation":{"x":0.023424483835697175,"y":0.6832640767097473,"z":-0.021940751001238824,"w":0.7294796705245972},"size":0.5822897553443909,"orthographic":false}