{"cameraMode":{"drawMode":0,"name":"Shaded","section":"Shading Mode"},"sceneLighting":false,"audioPlay":false,"sceneViewState":{"m_AlwaysRefresh":false,"showFog":false,"showSkybox":false,"showFlares":false,"showImageEffects":false,"showParticleSystems":false,"showVisualEffectGraphs":true,"m_FxEnabled":true},"in2DMode":false,"pivot":{"x":0.002196013927459717,"y":0.8894742727279663,"z":-0.00757250189781189},"rotation":{"x":0.025348884984850885,"y":0.9211962819099426,"z":-0.06088796630501747,"w":0.38351577520370486},"size":0.9530104994773865,"orthographic":false}