{"cameraMode":{"drawMode":0,"name":"Shaded","section":"Shading Mode"},"sceneLighting":false,"audioPlay":false,"sceneViewState":{"m_AlwaysRefresh":false,"showFog":true,"showSkybox":false,"showFlares":true,"showImageEffects":true,"showParticleSystems":true,"showVisualEffectGraphs":true,"m_FxEnabled":true},"in2DMode":false,"pivot":{"x":7.965203285217285,"y":0.3999999761581421,"z":-0.05659675598144531},"rotation":{"x":-0.15023460984230042,"y":0.5707683563232422,"z":-0.10564884543418884,"w":-0.8016096353530884},"size":3.5035252571105959,"orthographic":false}